Name,Price,Discount,Sold
NEW T8 TWS Wireless Bluetooth Headset 5.3 Headphones Sport Gaming Headsets Noise Reduction Earbuds Bass Touch Control for Phones,"Rs. 1,001",50% Off,15.2K sold
M25 Damix TWS Gaming Headphones True Wireless Earbuds Earphones Earphones Touch Control,"Rs. 1,249",,564 sold
"Airpods_ i12 , M10 TWS Bluetooth Earbuds Earphones Bluetooth 5.0 Wireless Sports Handfree Wireless Charging Earpods For Music Calls Gaming - Wireless Handsfree Bluetooth Earphones TWS / Earbuds / headphones - White",Rs. 720,,974 sold
Upgraded Version V5.2 Chip TWS G11 Wireless Outdoor Sports Wireless Headset Gaming Earbuds Esports Listening Music Universal,"Rs. 1,299",57% Off,11.8K sold
Original Wireless Earbuds Bluetooth Earphone Transparent HIFI Headphones LED Power Digital Display Stereo Sound Earphones,Rs. 707,53% Off,5.3K sold
M10 & M90 & i12 black Double Wireless 2 Airpods Bluetooth Hand Free with Power Bank Earphones White bluetooth ear phone for all cell phones,Rs. 740,70% Off,1.4K sold
TWS Pro6 Wireless Bluetooth Headset Noise Cancelling Earbuds with Mic Sports Wireless Headphones Bluetooth Earphones,"Rs. 1,537",50% Off,15.3K sold
♥Original Product+FREE Shipping+COD♥HP-A6S Bluetooth 5.0 Earphones Wireless Headphones Earbuds In Ear Sport Music Outdoor Headset with Mic Original,"Rs. 1,199",46% Off,1.0K sold
"M10 Earbuds 3500 Mah Original, M10 Earbuds 3500 Mah waterproof,Wireless Bluetooth EarBuds _ with Super Sound & High Quality Touch Sensors True Stereo Headphones with Built in Mic 10m Transmission Bluetooth Wireless Earbuds and Charging Case Sport Headset",Rs. 899,64% Off,4.0K sold
M25 Damix TWS Gaming Headphones True Wireless Earbuds Earphones Earphones Touch Control,"Rs. 1,229",69% Off,2.6K sold
M10 Tws Earbuds & Xg12 black Double Wireless 2 Airpods Bluetooth Hand Free with Power Bank Earphones White bluetooth ear phone for all cell phones,Rs. 372,75% Off,1.5K sold
Original M90 TWS Wireless Earbuds Touch Control 5.3 Headset Waterproof 9D Hifi Quality Earphone Stereo Sports Headphones With Microphone Gaming Buds with Power Bank,"Rs. 1,099",59% Off,7.2K sold
"AirPods_Pro Wireless Earbuds Bluetooth 5.0, Super Sound Bass, Charging Case and Extra Ear-Buds, Pop-Up Feature Compatible with All Devices","Rs. 1,719",57% Off,25.6K sold
TWS M19 5.0 Wireless Bluetoth Earphones Sport Sound Noise Cancelling Ear Buds IPX7 Waterproof Headphones Stereo Earbuds Touch control LED Digital Display Large Battery Box Gaming 2000Mah,"Rs. 1,029",36% Off,1.3K sold
EARBUDS AIR 31 AIRPODS WIRELESS EARBUDS With Crystal Silicon Case With Type C Charging With Built in Mic 10m Transmission Bluetooth Wireless Earbuds Sport Headset For All Bluetooth Smart Devices,Rs. 819,25% Off,1.7K sold
M19 Bluetooth Headset Wireless Tws Gaming Support Noise-cancelling Touch In-ear Mini Emergency Power Bank Headset,"Rs. 1,926",50% Off,8.8K sold
"AirPods_Pro Wireless Earbuds Bluetooth 5.0, Super Sound Bass, Extra Ear-Buds, Pop-Up Feature Compatible with All Devices","Rs. 1,899",42% Off,2.9K sold
Homel TWS Wireless Bluetooth 5.3 Headphones Sport Gaming Earphones Noise Reduction Stereo Earbuds Handfree Call Headset with Mic and Charging Box,Rs. 849,,958 sold
M10 & M90 & i12 black Double Wireless 2 Airpods Bluetooth Hand Free with Power Bank Earphones White bluetooth ear phone for all cell phones,Rs. 799,73% Off,28.5K sold
M90-&M10- AIRPODS PRO-2- Wireless EARBUDS -M25 EARBUDS-TWS Airpods With Super Sound -Wireless Headphone Headset-Gaming Earbuds - ORIGINAL TWS Wireless Bluetooth Earbuds -LED Display Gaming Earbuds .,Rs. 940,77% Off,389 sold
Air buds Wireless Bluetooth Earphones Earbuds Built-in Microphone Immersive Sound Quality,Rs. 790,74% Off,6.9K sold
F9 Buds and F9-5 True Earbuds Wireless Earphones Bluetooth Stereo in Ear Headphones (Wireless Charging Case Included) Bluetooth Earbuds/Airdots/Headphone Touch Control Plus – Power Bank Buds Plus Offer More Accurate Sound & Microphones For Callin,"Rs. 1,249",75% Off,6.4K sold
"Tijarat Online Air F9-5 Buds TWS & Air F9 Buds Earbuds - Wireless F9 Airdots Pro Power Bank - Simple and Extraordinary, Born For Music - TWS Bluetooth Earphone - Lightweight & Portable Imported F9 Pro Plus Airdots at Best Prices","Rs. 1,149",74% Off,13.5K sold
Earbuds AIR 31 Airpods| Wireless Earbuds With Type C Charging |Earbuds Bluetooth 5.3 | New Model AIR 31,Rs. 739,26% Off,121 sold
M10 & M90 & i12 black Double Wireless 2 earbuds Bluetooth Hand Free with Power Bank Earphones White bluetooth ear phone for all cell phones,Rs. 280,71% Off,645 sold
Original brand new M10 earpods charge your phone as in emergency | EarBuds Earphone Style Airdots Stereo Earphones bluetooth ear phone Ear Buds AIrdots Premium Quality,Rs. 947,79% Off,4.0K sold
HLstar® 【Buy 1 Get 3 Freebies】Air buds Transparent Air39 Airpods Bluetooth Earphones Wireless Earbuds ENC Noise Reduction Headsets LED Display Sport Headphones,"Rs. 1,299",71% Off,2.5K sold
"M10 Earbuds, M10 Earbud 3500 mah ,M10 Earbuds, M10 Earbuds 3500 Original, M10 Earbuds 3500 mah waterproof, Earbuds , Head Phones , Hand free, Air pods, Air buds , Earsphones",Rs. 899,64% Off,932 sold
TWS Wireless Bluetooth 5.3 Headphones Sport Gaming Earphones Noise Reduction Stereo Earbuds Handfree Call Headset with Mic and Charging Box,Rs. 945,,465 sold
Original M90 pro TWS Wireless Earbuds Touch Control 5.3 Headset Waterproof 9D Hifi Quality Earphone Stereo Sports Headphones With Microphone Gaming Buds with Power Bank and Anc M28 M10,"Rs. 1,099",50% Off,141 sold
"Air31 Earbuds Wireless Earphones Transparent crystal frame Bluetooth headset Air 31 earbuds Digital Display powerbank for earbuds charging airpods ,Airpods-pro ,earbuds",Rs. 799,60% Off,189 sold
【Ready stock+FREE Shipping+COD】VIVO Wireless Earbud Sport Bluetooth 5.3 Headphones with Noise Cancelling Mic HiFi Stereo Over Ear Bud with LED Display,Rs. 799,43% Off,71 sold
Bluetooth wireless TWS stereo earphones high bass sound compatible with all devices,"Rs. 1,199",,199 sold
M19 Bluetooth Headset Wireless Tws Gaming Support Noise-cancelling Touch In-ear Mini Emergency Power Bank Headset,Rs. 859,62% Off,8.9K sold
LENOVO Thinkplus livepods xt88(ORIGINAL)/ PRO/AIRBUDS/Airbuds thinkplus//Charging Case/Rechargeable/Totiyan/Ear Buds/- Ear Phone/Bluetooth/Ear/High/Quality/Reasonable/Wireless Ear Bud/,"Rs. 2,599",19% Off,55 sold
M90 Pro m10 TWS Earbuds Bluetooth 5.2 Headphones Touch Control Earphones LED Display Headset 9D HiFi Quality Wireless Earbuds,Rs. 799,64% Off,680 sold
Branded M10 Buds Wireless Bluetooth EarBuds Stereo Earphones bluetooth ear phone Ear Buds AIrdots Premium Quality,Rs. 999,67% Off,721 sold
TWS_Air Pro With Wireless Diamond_Ear buds_Pro Transpancy Mode/Ear_Pro Bluetooth 5.0 Compatible With IOS and Android,"Rs. 1,199",,185 sold
F9 mini TWS Bluetooth-compatible V5.3 Earphones Wireless Headphone Stereo Sports Earbuds,Rs. 949,56% Off,156 sold
Original TWS M20 Wireless Bluetooth Earbuds in low Price,Rs. 680,55% Off,316 sold
Y50 Wireless Bluetooth Headphones Hifi Stereo Noise.cancelling Earbuds In Ear Touch Headsets Music Sport Earbuds For Smartphones,"Rs. 1,110",67% Off,9.5K sold
"Air 31 Airpods_ with Super Sound & High Quality Touch Sensors True Stereo Headphones with Built in Mic 10m Transmission Bluetooth Wireless Earbuds , Charging Case Sport Headset for all Bluetooth Smart devices",Rs. 299,70% Off,565 sold
i7 single tws Blutooth Handfree Wireless Bluetooth Headset Good Quality Bluetooth Handsfree Earphone,Rs. 329,67% Off,340 sold
M19 earbuds super sound quality lowest price in Pakistan,Rs. 828,59% Off,488 sold
Zzitaill TWS Music/Game Dual Modes Bluetooth Earphone 8D Stereo Gaming Earbuds Headphone Ultra Low Latency Wireless Headset With Mic,"Rs. 1,459",39% Off,1.7K sold
K55 Mini Wireless Headset Retractable Business Lavalier Earphone LED Digital Display For Sports Workout Driving,"Rs. 2,973",30% Off,112 sold
Original M10 TWS Wireless Bluetooth Earbuds,"Rs. 1,088",,
Air buds/ Bluetooth Earphones / Wireless Earbuds With Power Bank,Rs. 699,65% Off,1.7K sold
AMB airpods pro 2 wireless airpod super sound Bass charging case,"Rs. 1,999",,
M10 TWS Bluetooth 5.1 Earphones Audio Earbuds HiFi Setero Wireless Headphones sports 3500mAh Charge Box Waterproof m 10 Bluetooth Headsets With Microphone (Original),Rs. 949,,193 sold
(Buy 1 Get 1 Free) P47 Wireless Headset Bluetooth Foldable Headphone + S530 Mini Wireless Stereo Bluetooth (Connect With All Bluetooth Devices).,"Rs. 1,199",70% Off,47 sold
AIR31 EARBUDS & F9 EARBUDS WIRELESS EARPHONES GOOD SOUND QUALITY LIKE AIRPODS PRO AND COMPATIBLE WITH ALL DEVICES,Rs. 999,50% Off,1.4K sold
"EARBUDS AIR 31 AIRPODS WIRELESS EARBUDS With Crystal Silicon Case With Type C Charging With Built in Mic 10m Transmission Bluetooth Wireless Earbuds Sport Headset For All Bluetooth Smart Devices airpods ,Airpods-pro ,earbuds",Rs. 799,60% Off,255 sold
"Airpro Wireless S109 & i12,i13,i14,i15 & i18 Touch Sensor / Earphones With Charging Case Dock For All Mobiles Connected",Rs. 296,75% Off,457 sold
Air 31 TWS Transparent Earbuds,"Rs. 1,609",,11 sold
M10 Earbuds Bluetooth 5.1 I12 Airpods_ / Earphones Earphones 3500mAh Charging Box Wireless Stereo Headphones Sports Waterproof Earbuds Headsets With Microphone,Rs. 650,,3.0K sold
100%Original Product+FREE Shipping+COD VIVO-V9 Earphone Bluetooth headphones Handsfree Business Wireless Bluetooth Headphone Headset Drive Call earphones for ip Samsung,"Rs. 1,013",49% Off,129 sold
AirPods Pro 2nd Generation Type C Buzzer Edition Compatible with All Devices,"Rs. 2,750",31% Off,30 sold
Air buds Wireless Bluetooth Earphones Earbuds Built-in Microphone Immersive Sound Quality,Rs. 293,71% Off,1.4K sold
"AMB ULTRA PODS MAX earbuds, airpods","Rs. 1,499",,
SFREE Shipping HP 5th Wireless Earbuds TWS Bluetooth Headset Low Latency Gaming Headset with Microphone In-Ear Touch Control Headsets Sports Stereo Bluetooth Earbuds,"Rs. 1,391",48% Off,143 sold
"Air 31 Earbuds True Wireless Bluetooth 5.0 Airdots Digital Power Box Earbuds Bluetooth 5.0, Super Sound Base, Charging Case and Extra Ear Earbuds Bluetooth 5.0, Super Sound Base, Charging Case and Extra Earbuds, Pop-Up Feature Compatible with All Devices",Rs. 749,50% Off,275 sold
YD MINI Wireless Bluetooth Earphones In-Ear ENC Noise Reduction Headphone Waterproof Earbuds Digital Display TWS Bluetooth Earphones HD Stereo Fingerprint Touch Noise Cancelling Gaming Headset With Mic.,"Rs. 1,079",73% Off,938 sold
Airpods_Pro 3rd Generation High Bass Boosted Sound Quality Tws Bluetooth Wireless Earbuds Pro For Android and iOS,"Rs. 2,300",,179 sold
"AirPods_Pro Wireless Earbuds With Bluetooth 5.0, Super Sound Bass, Pop-Up Feature, Compatible with All Devices","Rs. 5,000",,
Original I7 Single TWS & M19 & F9 & M90 & T 11 Wireless Bluetooth Earphones Top Quality Headphones Headset Dual Side Call Earbuds w Touch Control for iPhone Android Xiaomi i7 i7s i9 i9s i10 i11 i12 Universally Compatible for All Bluetooth Devices,Rs. 799,73% Off,74 sold
"M-10 Earbuds and Airpods_ Tws Bluetooth 5.1 Earphones Original 2200mAh Battery Gaming Wireless Stereo Headphones Sports Sweat Proof Earbuds Headsets With buds Power Bank+Microphone It is better than i12pods_i14pods_ i16pods_m19 earbuds , m90 pro airpods_",Rs. 799,38% Off,109 sold
Newest M27 Earbuds lowest price in Pakistan,Rs. 649,57% Off,96 sold
M10 TWS Wireless Headphones Earbuds Touch Control Bluetooth-Compatible 5.1 / 5.0 Earphones Wireless Headset Waterproof 9D Hifi Quality Earbuds LED Display Wireless Earphone With Charging Box Sound Like f9 m90 N35 Best For Gaming Pubg Gym Airdots,Rs. 777,74% Off,59 sold
Airpods_Pro 2nd Generation Wireless Earbuds with High Bass and Best Sound Quality,"Rs. 1,199",48% Off,295 sold
【COD+Original+Ready stock】JBL V9 New upgrade Bluetooth 5.0 Earphones Wireless Headphones Blutooth Earphone Handsfree Headphone Sports Earbuds Gaming,"Rs. 1,236",38% Off,68 sold
"Air 31 TWS Transparent Earbuds White, Black, Green ,pink, blue Wireless Type: Bluetooth EDR(both sides), Ultra Low Consumption. Bluetooth Version: V5.3",Rs. 799,47% Off,
"Timack® M5 Air Buds TWS Earbuds - Airdots Wireless Earbuds,TWS Gaming Earphone Bluetooth 5.1 Low Latency Professional Gamer Bluetooth Headphone 9D Stereo HiFi Headset with Mic for PUBG Game","Rs. 2,299",48% Off,98 sold
Timack® Air Buds K33 K55 TWS Earbuds - Airdots Earphone Low Latency Noise Bluetooth 5.0 Reduction Deep Bass HIFI Stereo Music Gaming Headset Lighting Effect Fashion Wireless Earbuds,"Rs. 2,999",33% Off,159 sold
Official Apple AirPods Pro 2 | Cheapest Price in Pakistan,"Rs. 3,299",,
M41 TWS Bluetooth 5.3 Wireless Earbuds Stereo Sound Led Power Display Gaming Headsets and Noise Cancelling With Charging Case,"Rs. 1,924",26% Off,93 sold
Air39 Gaming Earbuds - Bluetooth 5.3 Air 39 Air buds - bluetooth earphone - wireless ear buds - airbuds - wireless earbuds - handfreebluetooth - eir buds - Bluetooth Handsfree - tws -,"Rs. 1,350",33% Off,
Apple AirPods Pro Hengxuan Wireless Bluetooth Earphone High Copy With Popup Msg/Locate In Find My Iphone,"Rs. 2,800",30% Off,84 sold
i7 Single tws Wireless Stereo Bluetooth (Connect With All Bluetooth Devices).,Rs. 298,70% Off,40 sold
"Air39 Wireless Earbuds | A39 Air pods | Air39 Earbuds | Crystal Clear Sound, Bluetooth 5.3, Transparent Case, Heavy Bass Stereo, Noise Reduction, Sports Headset with Microphone, Waterproof, LED Display","Rs. 1,199",40% Off,34 sold
Y50 Wireless Bluetooth Headphones Hifi Stereo Noise.cancelling Earbuds In Ear Touch Headsets Music Sport Earbuds For Smartphones,"Rs. 1,110",67% Off,9.5K sold
"Air 31 Airpods_ with Super Sound & High Quality Touch Sensors True Stereo Headphones with Built in Mic 10m Transmission Bluetooth Wireless Earbuds , Charging Case Sport Headset for all Bluetooth Smart devices",Rs. 299,70% Off,565 sold
i7 single tws Blutooth Handfree Wireless Bluetooth Headset Good Quality Bluetooth Handsfree Earphone,Rs. 329,67% Off,340 sold
M19 earbuds super sound quality lowest price in Pakistan,Rs. 828,59% Off,488 sold
Zzitaill TWS Music/Game Dual Modes Bluetooth Earphone 8D Stereo Gaming Earbuds Headphone Ultra Low Latency Wireless Headset With Mic,"Rs. 1,459",39% Off,
,,,
,,,
,,,
,,,
,,,
,,,
,,,
,,,
,,,
,,,
,,,
,,,
,,,
,,,
,,,
,,,
,,,
,,,
,,,
,,,
,,,
,,,
,,,
,,,
,,,
,,,
,,,
,,,
,,,
,,,
,,,
,,,
,,,
,,,
,,,
S209 Business Bluetooth Earphone Ear Hook Wireless I12 TWS Headphones with Microphone Handsfree Driving Call Headset Earbuds For Phones,"Rs. 1,200",,1.2K sold
Pro 6 True Wireless Earbuds Bluetooth Earphone Touch Control with Mic Waterproof TWS Stereo Headphone,"Rs. 1,199",44% Off,67 sold
M10 TWS Earbuds original,Rs. 882,78% Off,74 sold
"M10 & M90 TWS Airpods _ with Super Sound & High Quality Touch Sensors True Stereo Headphones with Built in Mic 10m Transmission Bluetooth Wireless Earbuds , Charging Case Sport Headset for all Bluetooth Smart devices.",Rs. 899,,708 sold
Original i12 Tws Touch Sensor Airpods_ air 31 m10 m28/ Earphones With Charging Case Dock For All Mobiles,Rs. 759,75% Off,6.9K sold
M25 TWS WIRELESS HEADPHONES EARPHONES BLUETOOTH TOUCH CONTROL NOISE REDUCTION SETERO WATERPROOF EARBUDS HEADSET WITH MICROPHONE,"Rs. 4,000",20% Off,
Apple Airpods Master copy 3rd generation Pro TWS Earbuds with Charging Case i12 Pro Air Buds with woofer Bluetooth Wireless Earphone buy online in Pakistan . for sale,"Rs. 3,000",63% Off,75 sold
INNOVAT® Y50 TWS Bluetooth Earphones Wireless Headphones Touch Control Wireless Bluetooth Headset with Mic Airpods_ Bluetooth Earbuds,"Rs. 1,099",69% Off,25 sold
Best Selling M10 TWS Wireless headphones Earbuds Bluetooth Compatible 5.1 Touch Control Earphones wireless headset Waterproof 9D Hifi Quality Best Led display earphones wireless Earbuds Best Item for gifts,"Rs. 1,200",,38 sold
HLstar® NEW Y80 Ear buds Bluetooth Earphones Tws Wireless Sports Running Waterproof Noise Reduction Gaming Esports Mobile Digital Display With Microphone For Mobile,"Rs. 1,199",60% Off,53 sold
Air buds Bluetooth Earphones Airpods_pro wireless earbuds black airbuds,Rs. 749,75% Off,102 sold
M10 TWS Earbuds original 3500 mah airdots,Rs. 885,78% Off,101 sold
Air31 Earbuds Wireless Crystal Transparent Bluetooth 5.3 Air 31 Ear buds Wireless Headset Transparent Charging Case Heavy Bass Stereo Earphones Noise Reduction Sports Headset with Microphone Waterproof Headphone LED Digital Display airpods_ by Sellify 365,Rs. 899,40% Off,50 sold
INNOVAT® Air buds N35 TWS Gaming Earphones Touch Wireless Headphones Bluetooth 300mAh Battery Long Standby Earbuds HIFI Waterproof Headset,"Rs. 1,999",57% Off,13 sold
HLstar®D18 Wireless Headphones Bluetooth 5.2 Neckband Earphones Magnetic Sports Waterproof TWS Earbuds Headset with Microphone,Rs. 999,50% Off,63 sold
Pro 3 Wireless Bluetooth Earphone Headphone Smart Touch Stereo Earbuds Headset With Charging Box Headphone For iPhone Android,"Rs. 1,388",23% Off,2.6K sold
"AirPods_Pro 2nd Gen - Airpods 3rd Gen - Airpods 2nd TWS - Wireless Earbuds Bluetooth 5.0, Enhanced Bass Sound, Single Earbud, Charging Case with Extra Ear-Buds, Pop-Up Feature, Compatible with All Devices",Rs. 679,75% Off,45 sold
TWS I12 Airpods Wireless Bluetooth Hand Free with Power Bank Pod Stereo Earphones White bluetooth ear phone for all cell phones use,Rs. 749,75% Off,828 sold
M10 TWS Wireless Headphones Touch Control Bluetooth-Compatible 5.1 Earphones Wireless Headset Waterproof 9D Hifi Quality Earbuds,Rs. 899,64% Off,9.7K sold
Air 31 Earbuds Wireless Crystal Transparent Bluetooth 5.3 Ear buds Wireless Headset Transparent Charging Case Heavy Bass Stereo Earphones Noise Reduction Sports Headset with Microphone Waterproof Headphone LED Digital Display Black/White/Green,Rs. 899,74% Off,123 sold
M90 MAX v5.3 clock display big mah extra bass touch control,"Rs. 1,350",70% Off,45 sold
M9 Wireless Bluetooth 5.1 Headphone Touch Waterproof Earphone Noise Reduction Earbuds with Microphone HIFI Headset for Phone,"Rs. 1,599",64% Off,
"Airpro & Air 31 TWS I12 Airpods_ with Super Sound & High Quality Touch Sensors True Stereo Headphones with Built in Mic 10m Transmission Bluetooth Wireless Earbuds , Charging Case Sport Headset for all Bluetooth Smart devices.",Rs. 699,77% Off,34 sold
Buy Air 39 Gaming Earbuds airpods Price in Pakistan,Rs. 738,63% Off,1.2K sold
"AirPods_Pro Wireless Earbuds Bluetooth 5.0, Super Sound Bass, Charging Case and Ear-Buds, EXTRA Pop-Up Feature Compatible with All Device","Rs. 1,753",71% Off,207 sold
"Original Mini Invisible Ultra Small Bluetooth Handfree and mini LED Speakers Stereo Earbud Headset with microphone, Support Hands-free Calling For Smartphones",Rs. 349,65% Off,131 sold
i18/i15/i12/i16/i7 Wireless Bluetooth Earbuds High Quality,Rs. 649,7% Off,205 sold
mpow M9 TWS Bluetooth Earphone Environmental Noise Cancelling ANC ENC 4 Mic Wireless Gaming Earbuds IPX8 Waterproof Headphone,"Rs. 3,227",46% Off,35 sold
Apple AirPods_Pro Latest_(2nd Generation) Titanium Wireless Earbuds-ANC,"Rs. 3,499",,
"Air31 Earbuds with LED Power Display - Enhanced Bluetooth 5.3, Noise Reduction, Touch Control, Mic - Water Resistant, Premium Quality, Trending - Free Shipping & COD Included",Rs. 944,62% Off,61 sold
Timack® Newest air buds Earphone Bluetooth 5.3 TWS -Airdots Wireless Earbuds Headphones Sports Earphone LED Display Gaming Headset with Microphone,"Rs. 1,499",50% Off,65 sold
"TWS I12 & i7s Airpods_ with Super Sound & High Quality Touch Sensors True Stereo Headphones with Built in Mic 10m Transmission Bluetooth Wireless Earbuds , Charging Case Sport Headset for all Bluetooth Smart devices.",Rs. 779,74% Off,23.2K sold
TWS m10 earbuds wireless earphones headphones Touch control earbud powerbank led display can charge mobile,Rs. 899,,41 sold
New M88 plus TWS V 5.3 wireless earbud long lasting battery timing,"Rs. 1,520",72% Off,201 sold
"Airpods Pro 2 2nd Generation Wireless Earbus Bluetooth 5.0 ,Super Sound bass, High Quality, Charging Case with Extra Ear buds,Pop Up Feature compatible With all devices","Rs. 3,000",,62 sold
Original i12 TWS Wireless Bluetooth Earphones Top Quality Headphones Headset Dual Side Call Earbuds w Touch Control for iPhone Android Xiaomi i7 i7s i9 i9s i10 i11 i12 Universally Compatible for All Bluetooth Devices,Rs. 699,65% Off,86 sold
"AirPods_Pro Wireless Earbuds With Bluetooth 5.0, Super Sound Bass, Extra Ear-Buds, Pop-Up Feature, Compatible with All Devices","Rs. 1,899",46% Off,3.7K sold
Mini Bluetooth Wireless Stereo Headset/Earphone/Handsfree/Headphone With Mic Universal Handsfree\ For All Android,Rs. 299,70% Off,221 sold
"Air 31 TWS with Super Sound & High Quality Touch Sensors True Stereo Headphones with Built in Mic 10m Transmission Bluetooth Wireless Earbuds , power Case Sport Headset for all Bluetooth Smart devices.",Rs. 780,69% Off,61 sold
"M10 & M90 TWS Airpods _ with Super Sound & High Quality Touch Sensors True Stereo Headphones with Built in Mic 10m Transmission Bluetooth Wireless Earbuds , Charging Case Sport Headset for all Bluetooth Smart devices.",Rs. 799,60% Off,49 sold
